{"board":[[0,0,0,0,0,"m","m","m",0,0,"m"],["m",0,0,0,0,0,0,0,0,0,0],[1,2,"m",0,0,0,0,0,0,0,0],["",1,1,0,0,0,"m",0,0,0,0],["",null,1,0,0,"m","m",0,"m","m",0],["","",1,"m",0,2,0,0,0,0,0],["",1,2,0,0,0,0,0,0,"m","m"],["",2,"m",0,"m",0,0,"m",0,0,"m"],["",2,"m",0,0,0,"m",0,0,"m","m"],["",1,1,2,"m",0,0,0,0,0,0],["","","",1,0,"m",0,0,0,0,0]],"tileClicked":[[false,false,false,false,false,true,true,true,false,false,true],[true,false,false,false,false,false,false,false,false,false,false],[true,true,true,false,false,false,false,false,false,false,false],[true,true,true,false,false,false,true,false,false,false,false],[true,true,true,false,false,true,true,false,true,true,false],[true,true,true,true,false,true,false,false,false,false,false],[true,true,true,false,false,false,false,false,false,true,true],[true,true,true,false,true,false,false,true,false,false,true],[true,true,true,false,false,false,true,false,false,true,true],[true,true,true,true,true,false,false,false,false,false,false],[true,true,true,true,false,true,false,false,false,false,false]],"minesCount":24,"size":11,"rocketEnabled":false,"gameOver":true,"numClickedTiles":27}