[{"pseudo":"anamol","password":"anamol"},{"pseudo":"anamolxzcxc","password":"anamolcxzz"},{"pseudo":"cxcxzczxczanamol","password":"anamolcasca"},{"pseudo":"czxcxcx","password":"xczxczxcxz"},{"pseudo":"321","password":"2132"},{"pseudo":"ccxz","password":"cvxz"},{"pseudo":"hgbvf","password":"gfvdc"},{"pseudo":"","password":""},{"pseudo":"b vczx","password":"jmnhfgbdvf"},{"pseudo":"000","password":"000"},{"pseudo":"khadidjagued","password":"mimi2015"},{"pseudo":"techday","password":"techday"},{"pseudo":"techday2","password":"mimi"},{"pseudo":"techday3","password":"kiki"},{"pseudo":"techday4","password":"mimi"},{"pseudo":"tech","password":"mimi"},{"pseudo":"abc","password":"abc"},{"pseudo":"abcde","password":"abcde"},{"pseudo":"abcdefg","password":"abcdefg"}]